insert into customer (id, name, last_name, birth_day, salary, active) values (1, 'Murvyn', 'Nealand', '2025-09-28', 806.18, true);
insert into customer (id, name, last_name, birth_day, salary, active) values (2, 'Kessia', 'Edgcombe', '2025-02-09', 611.53, true);
insert into customer (id, name, last_name, birth_day, salary, active) values (3, 'Jareb', 'Thaine', '2025-06-07', 550.39, true);
insert into customer (id, name, last_name, birth_day, salary, active) values (4, 'Roby', 'Mulcock', '2025-11-22', 212.4, false);
insert into customer (id, name, last_name, birth_day, salary, active) values (5, 'Anderea', 'Matteris', '2025-07-25', 749.72, false);
insert into customer (id, name, last_name, birth_day, salary, active) values (6, 'Arnaldo', 'Maddy', '2025-05-18', 849.19, false);
insert into customer (id, name, last_name, birth_day, salary, active) values (7, 'Cortney', 'McCurrie', '2025-02-04', 791.3, true);
insert into customer (id, name, last_name, birth_day, salary, active) values (8, 'Jeffie', 'Harms', '2026-01-12', 762.47, false);
insert into customer (id, name, last_name, birth_day, salary, active) values (9, 'Layla', 'Di Biasio', '2025-08-28', 433.06, true);
insert into customer (id, name, last_name, birth_day, salary, active) values (10, 'Bryan', 'Lacey', '2025-10-16', 706.06, false);
insert into customer (id, name, last_name, birth_day, salary, active) values (11, 'Sherline', 'Adacot', '2025-02-13', 129.86, false);
insert into customer (id, name, last_name, birth_day, salary, active) values (12, 'Demetre', 'Toogood', '2025-03-16', 821.17, true);
insert into customer (id, name, last_name, birth_day, salary, active) values (13, 'Richmound', 'D''Ambrogi', '2025-02-07', 865.53, true);
insert into customer (id, name, last_name, birth_day, salary, active) values (14, 'Audrey', 'Goymer', '2025-09-16', 587.71, true);
insert into customer (id, name, last_name, birth_day, salary, active) values (15, 'Jasmine', 'De Carteret', '2025-05-14', 932.68, false);
insert into customer (id, name, last_name, birth_day, salary, active) values (16, 'Neddie', 'Dilland', '2025-04-20', 444.99, false);
insert into customer (id, name, last_name, birth_day, salary, active) values (17, 'Basilius', 'Arnaut', '2025-02-28', 309.22, false);
insert into customer (id, name, last_name, birth_day, salary, active) values (18, 'Nigel', 'Abrams', '2025-10-02', 802.76, false);
insert into customer (id, name, last_name, birth_day, salary, active) values (19, 'Beckie', 'Verchambre', '2025-07-19', 316.26, true);
insert into customer (id, name, last_name, birth_day, salary, active) values (20, 'Gertrud', 'Edgson', '2025-12-30', 927.98, false);

insert into category (id, name, description) values (1, 'Documentary', 'sapien cum sociis natoque penatibus et magnis dis parturient montes nascetur ridiculus mus');
insert into category (id, name, description) values (2, 'Comedy|Horror', 'primis in faucibus orci luctus et ultrices posuere cubilia curae mauris viverra diam vitae quam suspendisse potenti nullam porttitor');
insert into category (id, name, description) values (3, 'Drama', 'enim lorem ipsum dolor sit amet consectetuer adipiscing elit proin interdum mauris non ligula pellentesque');
insert into category (id, name, description) values (4, 'Adventure|Animation|Children|Musical', 'in hac habitasse platea dictumst etiam faucibus cursus urna ut tellus');
insert into category (id, name, description) values (5, 'Action|Adventure|Fantasy|Sci-Fi', 'lorem quisque ut erat curabitur gravida nisi at nibh in hac habitasse platea dictumst aliquam augue quam sollicitudin vitae');
insert into category (id, name, description) values (6, 'Comedy', 'quam suspendisse potenti nullam porttitor lacus at turpis donec posuere metus vitae ipsum aliquam');
insert into category (id, name, description) values (7, 'Drama', 'congue diam id ornare imperdiet sapien urna pretium nisl ut volutpat sapien arcu sed augue aliquam erat volutpat in');
insert into category (id, name, description) values (8, 'Documentary', 'maecenas ut massa quis augue luctus tincidunt nulla mollis molestie lorem quisque ut erat curabitur');
insert into category (id, name, description) values (9, 'Musical', 'blandit ultrices enim lorem ipsum dolor sit amet consectetuer adipiscing elit proin interdum mauris non');
insert into category (id, name, description) values (10, 'Crime|Drama', 'ultrices posuere cubilia curae mauris viverra diam vitae quam suspendisse potenti nullam porttitor lacus at');

insert into product (id, name, description, release_date, img, id_category) values (1, 'Earth vs. The Spider', 'ullamcorper augue a suscipit nulla elit ac nulla sed vel enim sit amet nunc viverra dapibus nulla', '2026-01-21', 'http://dummyimage.com/674x222.png/5fa2dd/ffffff', 9);
insert into product (id, name, description, release_date, img, id_category) values (2, 'Public Enemy, The', 'ligula vehicula consequat morbi a ipsum integer a nibh in quis justo maecenas rhoncus aliquam lacus morbi', '2025-03-07', 'http://dummyimage.com/1177x623.png/ff4444/ffffff', 3);
insert into product (id, name, description, release_date, img, id_category) values (3, 'None But the Lonely Heart', 'vestibulum vestibulum ante ipsum primis in faucibus orci luctus et ultrices posuere cubilia curae nulla', '2025-04-29', 'http://dummyimage.com/545x366.png/dddddd/000000', 8);
insert into product (id, name, description, release_date, img, id_category) values (4, 'Emergency Squad', 'nisi nam ultrices libero non mattis pulvinar nulla pede ullamcorper augue', '2025-09-18', 'http://dummyimage.com/756x286.png/ff4444/ffffff', 1);
insert into product (id, name, description, release_date, img, id_category) values (5, 'Frankie and Alice', 'magnis dis parturient montes nascetur ridiculus mus vivamus vestibulum sagittis sapien cum sociis natoque penatibus et magnis dis parturient montes', '2025-05-16', 'http://dummyimage.com/620x445.png/ff4444/ffffff', 10);
insert into product (id, name, description, release_date, img, id_category) values (6, 'Entrapment', 'mi pede malesuada in imperdiet et commodo vulputate justo in', '2025-03-15', 'http://dummyimage.com/484x719.png/ff4444/ffffff', 2);
insert into product (id, name, description, release_date, img, id_category) values (7, 'Poklosie', 'neque vestibulum eget vulputate ut ultrices vel augue vestibulum ante ipsum primis in faucibus orci luctus', '2025-06-22', 'http://dummyimage.com/1168x384.png/dddddd/000000', 10);
insert into product (id, name, description, release_date, img, id_category) values (8, 'Glass House, The', 'id lobortis convallis tortor risus dapibus augue vel accumsan tellus nisi eu orci mauris lacinia', '2025-08-16', 'http://dummyimage.com/1196x505.png/5fa2dd/ffffff', 4);
insert into product (id, name, description, release_date, img, id_category) values (9, 'When the Cat''s Away (Chacun cherche son chat)', 'nulla pede ullamcorper augue a suscipit nulla elit ac nulla', '2025-04-03', 'http://dummyimage.com/172x144.png/5fa2dd/ffffff', 9);
insert into product (id, name, description, release_date, img, id_category) values (10, 'Deal, The', 'integer non velit donec diam neque vestibulum eget vulputate ut ultrices vel', '2025-12-04', 'http://dummyimage.com/287x368.png/dddddd/000000', 10);
insert into product (id, name, description, release_date, img, id_category) values (11, 'Chernobyl Diaries', 'porta volutpat erat quisque erat eros viverra eget congue eget semper', '2025-11-12', 'http://dummyimage.com/346x355.png/dddddd/000000', 8);
insert into product (id, name, description, release_date, img, id_category) values (12, 'Last Remake of Beau Geste, The', 'libero convallis eget eleifend luctus ultricies eu nibh quisque id justo sit amet sapien dignissim vestibulum vestibulum', '2025-10-25', 'http://dummyimage.com/1265x365.png/cc0000/ffffff', 10);
insert into product (id, name, description, release_date, img, id_category) values (13, 'Andrei Rublev (Andrey Rublyov)', 'nulla ultrices aliquet maecenas leo odio condimentum id luctus nec molestie sed justo pellentesque viverra pede ac diam cras', '2025-04-17', 'http://dummyimage.com/948x104.png/cc0000/ffffff', 2);
insert into product (id, name, description, release_date, img, id_category) values (14, 'Nobody''s Fool', 'aliquet at feugiat non pretium quis lectus suspendisse potenti in eleifend quam a odio in hac habitasse', '2025-10-02', 'http://dummyimage.com/459x542.png/dddddd/000000', 8);
insert into product (id, name, description, release_date, img, id_category) values (15, 'Queen - Rock Montreal', 'duis ac nibh fusce lacus purus aliquet at feugiat non pretium quis', '2025-07-03', 'http://dummyimage.com/1101x400.png/cc0000/ffffff', 1);
insert into product (id, name, description, release_date, img, id_category) values (16, 'Cheaper by the Dozen 2', 'platea dictumst maecenas ut massa quis augue luctus tincidunt nulla mollis molestie lorem', '2025-02-19', 'http://dummyimage.com/552x164.png/ff4444/ffffff', 6);
insert into product (id, name, description, release_date, img, id_category) values (17, 'Susana (Devil and the Flesh, The)', 'sagittis dui vel nisl duis ac nibh fusce lacus purus aliquet at feugiat non pretium quis lectus suspendisse potenti in', '2025-08-09', 'http://dummyimage.com/199x713.png/dddddd/000000', 6);
insert into product (id, name, description, release_date, img, id_category) values (18, 'State Fair', 'parturient montes nascetur ridiculus mus etiam vel augue vestibulum rutrum rutrum neque aenean auctor gravida sem praesent', '2025-05-01', 'http://dummyimage.com/480x505.png/5fa2dd/ffffff', 3);
insert into product (id, name, description, release_date, img, id_category) values (19, 'Raining Stones', 'nam nulla integer pede justo lacinia eget tincidunt eget tempus vel pede morbi porttitor lorem', '2025-07-06', 'http://dummyimage.com/441x417.png/5fa2dd/ffffff', 5);
insert into product (id, name, description, release_date, img, id_category) values (20, 'Snake in the Eagle''s Shadow (Se ying diu sau)', 'felis sed interdum venenatis turpis enim blandit mi in porttitor pede justo eu massa donec dapibus duis at', '2025-04-09', 'http://dummyimage.com/855x118.png/cc0000/ffffff', 2);
insert into product (id, name, description, release_date, img, id_category) values (21, 'Airspeed', 'amet erat nulla tempus vivamus in felis eu sapien cursus vestibulum proin eu mi', '2025-03-10', 'http://dummyimage.com/419x184.png/5fa2dd/ffffff', 8);
insert into product (id, name, description, release_date, img, id_category) values (22, 'Iceman', 'aliquam lacus morbi quis tortor id nulla ultrices aliquet maecenas leo', '2025-10-28', 'http://dummyimage.com/590x181.png/5fa2dd/ffffff', 8);
insert into product (id, name, description, release_date, img, id_category) values (23, 'Chillers', 'montes nascetur ridiculus mus vivamus vestibulum sagittis sapien cum sociis natoque penatibus et', '2026-02-02', 'http://dummyimage.com/245x456.png/ff4444/ffffff', 1);
insert into product (id, name, description, release_date, img, id_category) values (24, 'Abbott and Costello Meet the Killer, Boris Karloff', 'mattis odio donec vitae nisi nam ultrices libero non mattis pulvinar nulla pede ullamcorper augue a suscipit nulla', '2026-01-09', 'http://dummyimage.com/999x453.png/5fa2dd/ffffff', 6);
insert into product (id, name, description, release_date, img, id_category) values (25, 'Mysterious Skin', 'sit amet lobortis sapien sapien non mi integer ac neque duis bibendum morbi non quam nec dui', '2025-09-30', 'http://dummyimage.com/767x182.png/ff4444/ffffff', 1);
insert into product (id, name, description, release_date, img, id_category) values (26, 'On My Way (Elle s''en va)', 'metus arcu adipiscing molestie hendrerit at vulputate vitae nisl aenean lectus pellentesque eget', '2026-02-01', 'http://dummyimage.com/992x216.png/dddddd/000000', 5);
insert into product (id, name, description, release_date, img, id_category) values (27, 'Quest', 'in est risus auctor sed tristique in tempus sit amet', '2025-05-06', 'http://dummyimage.com/344x605.png/cc0000/ffffff', 10);
insert into product (id, name, description, release_date, img, id_category) values (28, 'Spirits of the Dead', 'hac habitasse platea dictumst etiam faucibus cursus urna ut tellus nulla ut erat id mauris vulputate elementum nullam varius nulla', '2026-01-29', 'http://dummyimage.com/587x297.png/dddddd/000000', 5);
insert into product (id, name, description, release_date, img, id_category) values (29, 'Great Day in Harlem, A', 'vulputate luctus cum sociis natoque penatibus et magnis dis parturient montes nascetur ridiculus mus vivamus vestibulum sagittis sapien', '2025-11-22', 'http://dummyimage.com/944x396.png/dddddd/000000', 9);
insert into product (id, name, description, release_date, img, id_category) values (30, 'It Might Get Loud', 'ligula nec sem duis aliquam convallis nunc proin at turpis a pede posuere nonummy integer non', '2026-01-30', 'http://dummyimage.com/179x336.png/5fa2dd/ffffff', 9);
insert into product (id, name, description, release_date, img, id_category) values (31, 'Hollywood or Bust', 'amet consectetuer adipiscing elit proin interdum mauris non ligula pellentesque ultrices phasellus', '2025-03-28', 'http://dummyimage.com/284x308.png/5fa2dd/ffffff', 1);
insert into product (id, name, description, release_date, img, id_category) values (32, 'Whistleblower, The', 'sagittis dui vel nisl duis ac nibh fusce lacus purus aliquet at feugiat non pretium quis lectus', '2025-11-07', 'http://dummyimage.com/1213x143.png/ff4444/ffffff', 8);
insert into product (id, name, description, release_date, img, id_category) values (33, 'Illegal', 'morbi non quam nec dui luctus rutrum nulla tellus in sagittis dui vel nisl duis ac nibh fusce', '2025-06-14', 'http://dummyimage.com/715x340.png/cc0000/ffffff', 5);
insert into product (id, name, description, release_date, img, id_category) values (34, 'High and the Mighty, The', 'orci luctus et ultrices posuere cubilia curae duis faucibus accumsan odio', '2025-04-12', 'http://dummyimage.com/868x553.png/cc0000/ffffff', 5);
insert into product (id, name, description, release_date, img, id_category) values (35, 'False Trail (Jägarna 2)', 'est risus auctor sed tristique in tempus sit amet sem fusce consequat nulla nisl nunc', '2025-12-01', 'http://dummyimage.com/1069x713.png/dddddd/000000', 8);
insert into product (id, name, description, release_date, img, id_category) values (36, 'Tokyo Fiancée', 'aliquam augue quam sollicitudin vitae consectetuer eget rutrum at lorem integer tincidunt ante vel', '2025-09-06', 'http://dummyimage.com/616x381.png/dddddd/000000', 5);
insert into product (id, name, description, release_date, img, id_category) values (37, 'Christmas Carol: The Movie', 'phasellus id sapien in sapien iaculis congue vivamus metus arcu adipiscing molestie hendrerit at vulputate vitae nisl aenean', '2026-02-04', 'http://dummyimage.com/997x332.png/ff4444/ffffff', 2);
insert into product (id, name, description, release_date, img, id_category) values (38, 'Autumn Afternoon, An (Sanma no aji)', 'ante ipsum primis in faucibus orci luctus et ultrices posuere cubilia curae duis', '2025-04-08', 'http://dummyimage.com/651x196.png/cc0000/ffffff', 2);
insert into product (id, name, description, release_date, img, id_category) values (39, 'The Merry Widow', 'nam ultrices libero non mattis pulvinar nulla pede ullamcorper augue a suscipit nulla elit ac nulla sed', '2025-09-16', 'http://dummyimage.com/980x246.png/ff4444/ffffff', 1);
insert into product (id, name, description, release_date, img, id_category) values (40, 'Two-Way Stretch', 'pretium nisl ut volutpat sapien arcu sed augue aliquam erat volutpat in congue', '2025-10-06', 'http://dummyimage.com/144x628.png/dddddd/000000', 5);
insert into product (id, name, description, release_date, img, id_category) values (41, 'Trap, The (Klopka)', 'sapien urna pretium nisl ut volutpat sapien arcu sed augue aliquam erat volutpat in congue etiam', '2025-11-13', 'http://dummyimage.com/1134x475.png/cc0000/ffffff', 2);
insert into product (id, name, description, release_date, img, id_category) values (42, 'Caddyshack II', 'primis in faucibus orci luctus et ultrices posuere cubilia curae donec pharetra magna', '2025-11-23', 'http://dummyimage.com/881x124.png/cc0000/ffffff', 9);
insert into product (id, name, description, release_date, img, id_category) values (43, 'Shawshank Redemption, The', 'luctus et ultrices posuere cubilia curae duis faucibus accumsan odio curabitur convallis duis consequat dui nec nisi volutpat', '2025-02-11', 'http://dummyimage.com/964x483.png/dddddd/000000', 7);
insert into product (id, name, description, release_date, img, id_category) values (44, 'Nola', 'ultrices enim lorem ipsum dolor sit amet consectetuer adipiscing elit', '2025-12-11', 'http://dummyimage.com/1090x482.png/ff4444/ffffff', 6);
insert into product (id, name, description, release_date, img, id_category) values (45, 'Salinger', 'iaculis diam erat fermentum justo nec condimentum neque sapien placerat ante nulla justo aliquam quis turpis eget elit sodales scelerisque', '2025-04-11', 'http://dummyimage.com/637x650.png/cc0000/ffffff', 7);
insert into product (id, name, description, release_date, img, id_category) values (46, 'Neighbors', 'proin risus praesent lectus vestibulum quam sapien varius ut blandit non interdum in ante vestibulum ante ipsum primis', '2025-09-03', 'http://dummyimage.com/272x263.png/ff4444/ffffff', 5);
insert into product (id, name, description, release_date, img, id_category) values (47, 'No Greater Love', 'pharetra magna vestibulum aliquet ultrices erat tortor sollicitudin mi sit amet lobortis sapien sapien non mi', '2025-10-28', 'http://dummyimage.com/199x656.png/dddddd/000000', 2);
insert into product (id, name, description, release_date, img, id_category) values (48, 'Good Guys and the Bad Guys, The', 'dictumst aliquam augue quam sollicitudin vitae consectetuer eget rutrum at lorem integer', '2025-09-11', 'http://dummyimage.com/1269x591.png/ff4444/ffffff', 9);
insert into product (id, name, description, release_date, img, id_category) values (49, 'Stay Cool', 'eget eros elementum pellentesque quisque porta volutpat erat quisque erat eros viverra', '2025-11-06', 'http://dummyimage.com/138x337.png/cc0000/ffffff', 3);
insert into product (id, name, description, release_date, img, id_category) values (50, 'Time for Drunken Horses, A (Zamani barayé masti asbha)', 'curae nulla dapibus dolor vel est donec odio justo sollicitudin ut suscipit a feugiat et', '2025-04-15', 'http://dummyimage.com/710x115.png/cc0000/ffffff', 7);
insert into product (id, name, description, release_date, img, id_category) values (51, 'Black Watch, The', 'viverra diam vitae quam suspendisse potenti nullam porttitor lacus at turpis donec posuere metus vitae', '2025-10-28', 'http://dummyimage.com/107x494.png/cc0000/ffffff', 3);
insert into product (id, name, description, release_date, img, id_category) values (52, 'United', 'dapibus dolor vel est donec odio justo sollicitudin ut suscipit a feugiat et eros vestibulum ac est lacinia', '2026-01-25', 'http://dummyimage.com/105x390.png/ff4444/ffffff', 7);
insert into product (id, name, description, release_date, img, id_category) values (53, 'Omar', 'nulla quisque arcu libero rutrum ac lobortis vel dapibus at diam nam tristique tortor eu pede', '2025-09-10', 'http://dummyimage.com/717x618.png/cc0000/ffffff', 10);
insert into product (id, name, description, release_date, img, id_category) values (54, 'Lake City', 'erat vestibulum sed magna at nunc commodo placerat praesent blandit nam', '2025-08-08', 'http://dummyimage.com/978x558.png/ff4444/ffffff', 8);
insert into product (id, name, description, release_date, img, id_category) values (55, 'Seven Samurai (Shichinin no samurai)', 'hac habitasse platea dictumst aliquam augue quam sollicitudin vitae consectetuer eget rutrum at lorem integer tincidunt ante', '2025-07-05', 'http://dummyimage.com/1055x572.png/cc0000/ffffff', 7);
insert into product (id, name, description, release_date, img, id_category) values (56, 'Art of the Steal, The', 'dolor sit amet consectetuer adipiscing elit proin risus praesent lectus vestibulum quam sapien varius ut', '2025-04-03', 'http://dummyimage.com/122x151.png/cc0000/ffffff', 10);
insert into product (id, name, description, release_date, img, id_category) values (57, 'Second Wind (Le deuxième souffle) (Second Breath)', 'mus vivamus vestibulum sagittis sapien cum sociis natoque penatibus et magnis dis parturient montes nascetur', '2025-02-19', 'http://dummyimage.com/237x349.png/cc0000/ffffff', 4);
insert into product (id, name, description, release_date, img, id_category) values (58, 'Memory Lane', 'mus vivamus vestibulum sagittis sapien cum sociis natoque penatibus et magnis dis', '2025-04-09', 'http://dummyimage.com/571x333.png/ff4444/ffffff', 1);
insert into product (id, name, description, release_date, img, id_category) values (59, 'Thief Lord, The', 'ut mauris eget massa tempor convallis nulla neque libero convallis eget eleifend luctus ultricies eu nibh quisque id justo', '2025-08-30', 'http://dummyimage.com/242x348.png/cc0000/ffffff', 3);
insert into product (id, name, description, release_date, img, id_category) values (60, 'Sut (Milk)', 'primis in faucibus orci luctus et ultrices posuere cubilia curae mauris viverra diam vitae quam', '2025-10-26', 'http://dummyimage.com/1128x321.png/5fa2dd/ffffff', 4);
insert into product (id, name, description, release_date, img, id_category) values (61, 'Eu Não Quero Voltar Sozinho (I Don''t Want to Go Back Alone)', 'quisque arcu libero rutrum ac lobortis vel dapibus at diam', '2025-06-13', 'http://dummyimage.com/634x429.png/ff4444/ffffff', 2);
insert into product (id, name, description, release_date, img, id_category) values (62, 'Commander Hamilton (Hamilton)', 'in felis donec semper sapien a libero nam dui proin leo odio porttitor id', '2025-05-08', 'http://dummyimage.com/921x697.png/cc0000/ffffff', 1);
insert into product (id, name, description, release_date, img, id_category) values (63, 'Magnetic Monster, The', 'a nibh in quis justo maecenas rhoncus aliquam lacus morbi quis tortor id', '2025-05-03', 'http://dummyimage.com/1136x394.png/5fa2dd/ffffff', 4);
insert into product (id, name, description, release_date, img, id_category) values (64, 'Sabrina', 'morbi quis tortor id nulla ultrices aliquet maecenas leo odio condimentum id luctus', '2026-02-04', 'http://dummyimage.com/215x241.png/5fa2dd/ffffff', 3);
insert into product (id, name, description, release_date, img, id_category) values (65, 'News from a Personal War (Notícias de uma Guerra Particular)', 'rhoncus aliquam lacus morbi quis tortor id nulla ultrices aliquet maecenas leo odio condimentum id luctus nec molestie sed justo', '2025-06-09', 'http://dummyimage.com/756x693.png/cc0000/ffffff', 7);
insert into product (id, name, description, release_date, img, id_category) values (66, 'My Gun is Quick', 'odio elementum eu interdum eu tincidunt in leo maecenas pulvinar lobortis est phasellus sit amet', '2025-04-02', 'http://dummyimage.com/165x594.png/cc0000/ffffff', 3);
insert into product (id, name, description, release_date, img, id_category) values (67, 'Los Flamencos', 'eget eros elementum pellentesque quisque porta volutpat erat quisque erat eros', '2026-01-25', 'http://dummyimage.com/837x362.png/ff4444/ffffff', 6);
insert into product (id, name, description, release_date, img, id_category) values (68, 'Porgy and Bess', 'odio donec vitae nisi nam ultrices libero non mattis pulvinar nulla pede ullamcorper augue a suscipit', '2025-04-05', 'http://dummyimage.com/1179x314.png/dddddd/000000', 5);
insert into product (id, name, description, release_date, img, id_category) values (69, 'Prisoner of Paradise', 'odio curabitur convallis duis consequat dui nec nisi volutpat eleifend donec ut', '2025-12-18', 'http://dummyimage.com/729x382.png/cc0000/ffffff', 3);
insert into product (id, name, description, release_date, img, id_category) values (70, 'Tom Jones', 'risus praesent lectus vestibulum quam sapien varius ut blandit non interdum in ante vestibulum ante', '2025-06-01', 'http://dummyimage.com/1245x365.png/dddddd/000000', 6);
insert into product (id, name, description, release_date, img, id_category) values (71, 'Deadgirl', 'pharetra magna ac consequat metus sapien ut nunc vestibulum ante ipsum primis in faucibus orci luctus et ultrices posuere', '2026-01-13', 'http://dummyimage.com/1132x405.png/dddddd/000000', 10);
insert into product (id, name, description, release_date, img, id_category) values (72, 'Harvest', 'lacinia eget tincidunt eget tempus vel pede morbi porttitor lorem id', '2025-06-04', 'http://dummyimage.com/860x517.png/cc0000/ffffff', 3);
insert into product (id, name, description, release_date, img, id_category) values (73, 'Vampire in Venice (Nosferatu a Venezia) (Nosferatu in Venice)', 'magna bibendum imperdiet nullam orci pede venenatis non sodales sed tincidunt eu felis', '2026-01-31', 'http://dummyimage.com/170x388.png/cc0000/ffffff', 10);
insert into product (id, name, description, release_date, img, id_category) values (74, 'K-PAX', 'nulla facilisi cras non velit nec nisi vulputate nonummy maecenas tincidunt lacus at velit vivamus', '2025-02-23', 'http://dummyimage.com/626x282.png/cc0000/ffffff', 1);
insert into product (id, name, description, release_date, img, id_category) values (75, 'Sin Retorno', 'quis justo maecenas rhoncus aliquam lacus morbi quis tortor id nulla ultrices aliquet maecenas leo odio condimentum id luctus nec', '2025-03-24', 'http://dummyimage.com/148x570.png/cc0000/ffffff', 10);
insert into product (id, name, description, release_date, img, id_category) values (76, 'I''ll Cry Tomorrow', 'varius integer ac leo pellentesque ultrices mattis odio donec vitae nisi nam ultrices libero non mattis', '2026-01-27', 'http://dummyimage.com/230x507.png/ff4444/ffffff', 7);
insert into product (id, name, description, release_date, img, id_category) values (77, 'Red Desert (Deserto rosso, Il)', 'a ipsum integer a nibh in quis justo maecenas rhoncus aliquam lacus morbi quis tortor id', '2025-07-03', 'http://dummyimage.com/105x133.png/5fa2dd/ffffff', 5);
insert into product (id, name, description, release_date, img, id_category) values (78, 'Steel Trap, The', 'quam pharetra magna ac consequat metus sapien ut nunc vestibulum ante ipsum', '2025-05-03', 'http://dummyimage.com/940x598.png/ff4444/ffffff', 2);
insert into product (id, name, description, release_date, img, id_category) values (79, 'Raid on Rommel', 'cursus urna ut tellus nulla ut erat id mauris vulputate elementum nullam varius nulla facilisi cras non', '2025-11-06', 'http://dummyimage.com/198x621.png/dddddd/000000', 3);
insert into product (id, name, description, release_date, img, id_category) values (80, 'Freeway', 'vestibulum ante ipsum primis in faucibus orci luctus et ultrices posuere cubilia curae mauris viverra', '2025-09-25', 'http://dummyimage.com/767x668.png/cc0000/ffffff', 3);
insert into product (id, name, description, release_date, img, id_category) values (81, 'Covenant, The', 'dolor quis odio consequat varius integer ac leo pellentesque ultrices mattis odio donec vitae nisi nam ultrices', '2025-07-27', 'http://dummyimage.com/999x429.png/dddddd/000000', 5);
insert into product (id, name, description, release_date, img, id_category) values (82, 'Who the #$&% is Jackson Pollock?', 'vestibulum vestibulum ante ipsum primis in faucibus orci luctus et ultrices', '2025-09-28', 'http://dummyimage.com/561x263.png/cc0000/ffffff', 5);
insert into product (id, name, description, release_date, img, id_category) values (83, 'White Night (Hvid nat)', 'aenean sit amet justo morbi ut odio cras mi pede malesuada in', '2025-07-16', 'http://dummyimage.com/857x293.png/cc0000/ffffff', 3);
insert into product (id, name, description, release_date, img, id_category) values (84, 'Sextette', 'mauris sit amet eros suspendisse accumsan tortor quis turpis sed ante vivamus tortor duis mattis egestas metus', '2025-04-16', 'http://dummyimage.com/538x585.png/5fa2dd/ffffff', 4);
insert into product (id, name, description, release_date, img, id_category) values (85, 'Comrade X', 'leo pellentesque ultrices mattis odio donec vitae nisi nam ultrices libero non mattis', '2025-02-17', 'http://dummyimage.com/250x223.png/ff4444/ffffff', 10);
insert into product (id, name, description, release_date, img, id_category) values (86, 'Of Human Bondage', 'hendrerit at vulputate vitae nisl aenean lectus pellentesque eget nunc donec quis orci', '2025-04-11', 'http://dummyimage.com/799x127.png/5fa2dd/ffffff', 3);
insert into product (id, name, description, release_date, img, id_category) values (87, 'All About Anna', 'aliquet maecenas leo odio condimentum id luctus nec molestie sed justo pellentesque', '2025-05-09', 'http://dummyimage.com/339x437.png/cc0000/ffffff', 9);
insert into product (id, name, description, release_date, img, id_category) values (88, 'Ice Harvest, The', 'tincidunt eget tempus vel pede morbi porttitor lorem id ligula suspendisse ornare consequat lectus', '2025-04-11', 'http://dummyimage.com/582x671.png/5fa2dd/ffffff', 6);
insert into product (id, name, description, release_date, img, id_category) values (89, 'Barbie: A Fashion Fairytale', 'nulla quisque arcu libero rutrum ac lobortis vel dapibus at diam', '2026-01-20', 'http://dummyimage.com/1067x235.png/cc0000/ffffff', 8);
insert into product (id, name, description, release_date, img, id_category) values (90, 'Trois', 'augue a suscipit nulla elit ac nulla sed vel enim sit amet nunc viverra dapibus', '2025-08-21', 'http://dummyimage.com/1061x635.png/dddddd/000000', 9);
insert into product (id, name, description, release_date, img, id_category) values (91, 'Rock-A-Doodle', 'leo odio porttitor id consequat in consequat ut nulla sed accumsan felis', '2025-07-31', 'http://dummyimage.com/973x385.png/dddddd/000000', 6);
insert into product (id, name, description, release_date, img, id_category) values (92, 'Nude for Satan (Nuda per Satana)', 'in faucibus orci luctus et ultrices posuere cubilia curae duis faucibus accumsan odio curabitur convallis', '2025-04-06', 'http://dummyimage.com/322x717.png/ff4444/ffffff', 8);
insert into product (id, name, description, release_date, img, id_category) values (93, 'Welcome, or No Trespassing', 'mauris enim leo rhoncus sed vestibulum sit amet cursus id turpis integer', '2025-03-03', 'http://dummyimage.com/300x374.png/cc0000/ffffff', 5);
insert into product (id, name, description, release_date, img, id_category) values (94, 'Major League', 'pretium nisl ut volutpat sapien arcu sed augue aliquam erat volutpat in congue', '2025-07-29', 'http://dummyimage.com/1168x542.png/5fa2dd/ffffff', 7);
insert into product (id, name, description, release_date, img, id_category) values (95, 'Motorama', 'quam a odio in hac habitasse platea dictumst maecenas ut massa quis augue luctus tincidunt nulla mollis molestie', '2025-08-12', 'http://dummyimage.com/374x143.png/5fa2dd/ffffff', 8);
insert into product (id, name, description, release_date, img, id_category) values (96, 'Street Angel', 'dui nec nisi volutpat eleifend donec ut dolor morbi vel lectus', '2025-05-13', 'http://dummyimage.com/936x669.png/5fa2dd/ffffff', 6);
insert into product (id, name, description, release_date, img, id_category) values (97, 'Saraband', 'quam fringilla rhoncus mauris enim leo rhoncus sed vestibulum sit amet cursus id turpis', '2025-11-09', 'http://dummyimage.com/1078x576.png/5fa2dd/ffffff', 9);
insert into product (id, name, description, release_date, img, id_category) values (98, 'Night Train', 'et ultrices posuere cubilia curae nulla dapibus dolor vel est donec odio', '2025-07-19', 'http://dummyimage.com/772x648.png/cc0000/ffffff', 3);
insert into product (id, name, description, release_date, img, id_category) values (99, 'Twonky, The', 'dapibus dolor vel est donec odio justo sollicitudin ut suscipit a feugiat et eros vestibulum ac est lacinia nisi', '2025-11-21', 'http://dummyimage.com/888x512.png/ff4444/ffffff', 3);
insert into product (id, name, description, release_date, img, id_category) values (100, 'The Photographer', 'vel nulla eget eros elementum pellentesque quisque porta volutpat erat quisque erat eros viverra eget congue eget semper', '2025-08-12', 'http://dummyimage.com/192x534.png/cc0000/ffffff', 2);
insert into product (id, name, description, release_date, img, id_category) values (101, 'Love at First Bite', 'pede posuere nonummy integer non velit donec diam neque vestibulum eget vulputate ut ultrices vel', '2025-11-20', 'http://dummyimage.com/806x527.png/cc0000/ffffff', 10);
insert into product (id, name, description, release_date, img, id_category) values (102, 'Ugly Dachshund, The', 'diam id ornare imperdiet sapien urna pretium nisl ut volutpat sapien arcu sed augue aliquam erat', '2025-04-02', 'http://dummyimage.com/787x472.png/ff4444/ffffff', 4);
insert into product (id, name, description, release_date, img, id_category) values (103, 'Lady and the Reaper, The (Dama y la muerte, La)', 'magna vestibulum aliquet ultrices erat tortor sollicitudin mi sit amet lobortis sapien sapien non mi integer ac neque', '2025-04-15', 'http://dummyimage.com/308x578.png/cc0000/ffffff', 4);
insert into product (id, name, description, release_date, img, id_category) values (104, 'Rock the Boat', 'luctus nec molestie sed justo pellentesque viverra pede ac diam cras pellentesque', '2025-03-11', 'http://dummyimage.com/1158x153.png/dddddd/000000', 1);
insert into product (id, name, description, release_date, img, id_category) values (105, 'High School Musical 2', 'eros viverra eget congue eget semper rutrum nulla nunc purus phasellus in felis donec semper sapien a libero nam dui', '2025-03-09', 'http://dummyimage.com/791x713.png/5fa2dd/ffffff', 4);
insert into product (id, name, description, release_date, img, id_category) values (106, 'It Happened Tomorrow', 'vulputate justo in blandit ultrices enim lorem ipsum dolor sit amet consectetuer adipiscing elit proin interdum mauris', '2025-11-27', 'http://dummyimage.com/1052x156.png/5fa2dd/ffffff', 2);
insert into product (id, name, description, release_date, img, id_category) values (107, 'Lumberjacking (Nuoruuteni savotat)', 'interdum eu tincidunt in leo maecenas pulvinar lobortis est phasellus sit amet', '2025-08-19', 'http://dummyimage.com/433x102.png/cc0000/ffffff', 7);
insert into product (id, name, description, release_date, img, id_category) values (108, 'Bratz: The Movie', 'magna ac consequat metus sapien ut nunc vestibulum ante ipsum primis in faucibus orci', '2025-07-24', 'http://dummyimage.com/1102x678.png/dddddd/000000', 5);
insert into product (id, name, description, release_date, img, id_category) values (109, 'Hellgate', 'consectetuer adipiscing elit proin risus praesent lectus vestibulum quam sapien varius ut blandit non interdum in ante', '2025-06-10', 'http://dummyimage.com/544x327.png/cc0000/ffffff', 7);
insert into product (id, name, description, release_date, img, id_category) values (110, 'Scar, The (Blizna)', 'convallis tortor risus dapibus augue vel accumsan tellus nisi eu orci mauris lacinia sapien quis', '2025-02-25', 'http://dummyimage.com/1196x432.png/ff4444/ffffff', 7);
insert into product (id, name, description, release_date, img, id_category) values (111, 'Jail Bait', 'vel pede morbi porttitor lorem id ligula suspendisse ornare consequat lectus in est', '2025-02-18', 'http://dummyimage.com/111x243.png/cc0000/ffffff', 5);
insert into product (id, name, description, release_date, img, id_category) values (112, 'King Rat', 'vitae ipsum aliquam non mauris morbi non lectus aliquam sit amet', '2025-08-24', 'http://dummyimage.com/1184x704.png/5fa2dd/ffffff', 6);
insert into product (id, name, description, release_date, img, id_category) values (113, 'Adventures of Don Juan', 'sapien placerat ante nulla justo aliquam quis turpis eget elit sodales scelerisque mauris sit amet eros', '2025-05-22', 'http://dummyimage.com/292x392.png/5fa2dd/ffffff', 7);
insert into product (id, name, description, release_date, img, id_category) values (114, 'Chasing Papi (a.k.a. Papi Chulo)', 'eros viverra eget congue eget semper rutrum nulla nunc purus phasellus in', '2025-08-25', 'http://dummyimage.com/491x591.png/ff4444/ffffff', 9);
insert into product (id, name, description, release_date, img, id_category) values (115, 'Letter, The', 'purus eu magna vulputate luctus cum sociis natoque penatibus et magnis dis parturient montes nascetur ridiculus mus vivamus vestibulum sagittis', '2025-03-14', 'http://dummyimage.com/1241x398.png/5fa2dd/ffffff', 6);
insert into product (id, name, description, release_date, img, id_category) values (116, 'Sacrifice, The (Offret - Sacraficatio)', 'risus auctor sed tristique in tempus sit amet sem fusce consequat nulla nisl nunc nisl duis bibendum', '2025-06-10', 'http://dummyimage.com/1226x315.png/ff4444/ffffff', 3);
insert into product (id, name, description, release_date, img, id_category) values (117, 'Moon-Spinners, The', 'cubilia curae mauris viverra diam vitae quam suspendisse potenti nullam porttitor lacus at turpis donec posuere metus', '2025-06-12', 'http://dummyimage.com/754x230.png/ff4444/ffffff', 10);
insert into product (id, name, description, release_date, img, id_category) values (118, 'Love Life', 'mus vivamus vestibulum sagittis sapien cum sociis natoque penatibus et magnis dis parturient montes', '2025-08-13', 'http://dummyimage.com/1054x361.png/5fa2dd/ffffff', 4);
insert into product (id, name, description, release_date, img, id_category) values (119, 'Two for the Money', 'tortor duis mattis egestas metus aenean fermentum donec ut mauris eget massa tempor convallis nulla neque libero convallis', '2025-07-28', 'http://dummyimage.com/142x381.png/ff4444/ffffff', 2);
insert into product (id, name, description, release_date, img, id_category) values (120, 'Tomorrow at Dawn (Demain dès l''aube)', 'mauris sit amet eros suspendisse accumsan tortor quis turpis sed ante vivamus', '2025-12-27', 'http://dummyimage.com/1035x193.png/5fa2dd/ffffff', 10);
insert into product (id, name, description, release_date, img, id_category) values (121, 'Exiles (Exils)', 'ac diam cras pellentesque volutpat dui maecenas tristique est et tempus', '2025-07-19', 'http://dummyimage.com/679x421.png/5fa2dd/ffffff', 2);
insert into product (id, name, description, release_date, img, id_category) values (122, 'Naked Face, The', 'vitae ipsum aliquam non mauris morbi non lectus aliquam sit amet diam', '2025-06-08', 'http://dummyimage.com/809x404.png/5fa2dd/ffffff', 4);
insert into product (id, name, description, release_date, img, id_category) values (123, 'Sex: The Annabel Chong Story', 'interdum eu tincidunt in leo maecenas pulvinar lobortis est phasellus sit amet', '2025-06-12', 'http://dummyimage.com/1271x267.png/cc0000/ffffff', 8);
insert into product (id, name, description, release_date, img, id_category) values (124, 'McCullochs, The', 'elit proin interdum mauris non ligula pellentesque ultrices phasellus id sapien in sapien', '2025-06-23', 'http://dummyimage.com/366x309.png/5fa2dd/ffffff', 8);
insert into product (id, name, description, release_date, img, id_category) values (125, 'Welcome, or No Trespassing', 'blandit non interdum in ante vestibulum ante ipsum primis in', '2025-08-06', 'http://dummyimage.com/752x217.png/dddddd/000000', 8);
insert into product (id, name, description, release_date, img, id_category) values (126, 'After Life (Wandafuru raifu)', 'morbi vestibulum velit id pretium iaculis diam erat fermentum justo nec condimentum neque sapien placerat', '2025-08-10', 'http://dummyimage.com/698x474.png/ff4444/ffffff', 6);
insert into product (id, name, description, release_date, img, id_category) values (127, 'Reclaim Your Brain (Free Rainer)', 'elit proin interdum mauris non ligula pellentesque ultrices phasellus id sapien in sapien iaculis congue vivamus metus arcu adipiscing', '2025-10-17', 'http://dummyimage.com/869x652.png/5fa2dd/ffffff', 6);
insert into product (id, name, description, release_date, img, id_category) values (128, 'History of the World: Part I', 'ultrices aliquet maecenas leo odio condimentum id luctus nec molestie sed justo pellentesque viverra pede ac diam cras', '2025-09-01', 'http://dummyimage.com/142x540.png/ff4444/ffffff', 7);
insert into product (id, name, description, release_date, img, id_category) values (129, 'Egg and I, The', 'eu tincidunt in leo maecenas pulvinar lobortis est phasellus sit amet', '2025-12-02', 'http://dummyimage.com/1017x675.png/5fa2dd/ffffff', 9);
insert into product (id, name, description, release_date, img, id_category) values (130, 'Kamome Diner', 'eu sapien cursus vestibulum proin eu mi nulla ac enim in tempor turpis nec euismod scelerisque quam', '2025-04-19', 'http://dummyimage.com/446x631.png/ff4444/ffffff', 4);
insert into product (id, name, description, release_date, img, id_category) values (131, 'Offside', 'augue quam sollicitudin vitae consectetuer eget rutrum at lorem integer tincidunt', '2025-06-15', 'http://dummyimage.com/804x676.png/dddddd/000000', 9);
insert into product (id, name, description, release_date, img, id_category) values (132, 'Sada', 'fusce consequat nulla nisl nunc nisl duis bibendum felis sed interdum venenatis turpis enim', '2026-01-10', 'http://dummyimage.com/816x657.png/cc0000/ffffff', 8);
insert into product (id, name, description, release_date, img, id_category) values (133, 'Visitor Q (Bizita Q)', 'augue luctus tincidunt nulla mollis molestie lorem quisque ut erat curabitur gravida nisi at', '2025-09-24', 'http://dummyimage.com/335x149.png/ff4444/ffffff', 4);
insert into product (id, name, description, release_date, img, id_category) values (134, 'Asterix & Obelix: God Save Britannia (Astérix et Obélix: Au service de Sa Majesté)', 'justo nec condimentum neque sapien placerat ante nulla justo aliquam quis turpis eget elit sodales', '2025-04-22', 'http://dummyimage.com/975x489.png/ff4444/ffffff', 9);
insert into product (id, name, description, release_date, img, id_category) values (135, 'Sapphires, The', 'leo rhoncus sed vestibulum sit amet cursus id turpis integer aliquet massa id lobortis', '2025-12-06', 'http://dummyimage.com/433x332.png/5fa2dd/ffffff', 9);
insert into product (id, name, description, release_date, img, id_category) values (136, 'All the Way Boys (Più forte, ragazzi!)', 'ante vel ipsum praesent blandit lacinia erat vestibulum sed magna at nunc commodo placerat praesent blandit', '2025-04-06', 'http://dummyimage.com/485x298.png/cc0000/ffffff', 1);
insert into product (id, name, description, release_date, img, id_category) values (137, 'H.M. Pulham, Esq.', 'laoreet ut rhoncus aliquet pulvinar sed nisl nunc rhoncus dui vel sem sed sagittis nam congue risus semper porta volutpat', '2025-05-18', 'http://dummyimage.com/1140x351.png/5fa2dd/ffffff', 9);
insert into product (id, name, description, release_date, img, id_category) values (138, 'Crucified Lovers, The (Chikamatsu monogatari)', 'in hac habitasse platea dictumst etiam faucibus cursus urna ut', '2025-04-21', 'http://dummyimage.com/1175x105.png/ff4444/ffffff', 4);
insert into product (id, name, description, release_date, img, id_category) values (139, 'Louis C.K.: Shameless', 'eget semper rutrum nulla nunc purus phasellus in felis donec semper sapien a libero nam dui proin', '2025-12-28', 'http://dummyimage.com/516x395.png/ff4444/ffffff', 4);
insert into product (id, name, description, release_date, img, id_category) values (140, 'Kill Me Now', 'accumsan tortor quis turpis sed ante vivamus tortor duis mattis egestas metus aenean fermentum', '2025-09-05', 'http://dummyimage.com/148x492.png/cc0000/ffffff', 1);
insert into product (id, name, description, release_date, img, id_category) values (141, 'TT3D: Closer to the Edge', 'vivamus vel nulla eget eros elementum pellentesque quisque porta volutpat', '2025-09-18', 'http://dummyimage.com/677x658.png/ff4444/ffffff', 1);
insert into product (id, name, description, release_date, img, id_category) values (142, 'Man About Town', 'duis ac nibh fusce lacus purus aliquet at feugiat non pretium quis lectus', '2025-03-31', 'http://dummyimage.com/549x525.png/dddddd/000000', 7);
insert into product (id, name, description, release_date, img, id_category) values (143, 'Barney''s Great Adventure', 'amet nulla quisque arcu libero rutrum ac lobortis vel dapibus at diam', '2025-08-12', 'http://dummyimage.com/523x223.png/cc0000/ffffff', 2);
insert into product (id, name, description, release_date, img, id_category) values (144, 'My Best Friend (Mon meilleur ami)', 'quam turpis adipiscing lorem vitae mattis nibh ligula nec sem duis aliquam convallis nunc proin at turpis a pede posuere', '2025-12-01', 'http://dummyimage.com/518x507.png/ff4444/ffffff', 6);
insert into product (id, name, description, release_date, img, id_category) values (145, 'Space Pirate Captain Harlock: Arcadia of My Youth (Waga seishun no Arcadia)', 'in porttitor pede justo eu massa donec dapibus duis at velit eu est congue elementum in hac habitasse platea dictumst', '2026-01-16', 'http://dummyimage.com/1187x640.png/cc0000/ffffff', 9);
insert into product (id, name, description, release_date, img, id_category) values (146, 'Sister Street Fighter (Onna hissatsu ken)', 'libero rutrum ac lobortis vel dapibus at diam nam tristique tortor', '2025-03-07', 'http://dummyimage.com/880x334.png/cc0000/ffffff', 6);
insert into product (id, name, description, release_date, img, id_category) values (147, 'Sleepers', 'faucibus cursus urna ut tellus nulla ut erat id mauris vulputate elementum nullam varius nulla facilisi cras non', '2025-06-06', 'http://dummyimage.com/364x110.png/5fa2dd/ffffff', 6);
insert into product (id, name, description, release_date, img, id_category) values (148, 'A Kind of America 2', 'leo pellentesque ultrices mattis odio donec vitae nisi nam ultrices', '2026-01-10', 'http://dummyimage.com/592x673.png/5fa2dd/ffffff', 3);
insert into product (id, name, description, release_date, img, id_category) values (149, 'Ruhr', 'congue elementum in hac habitasse platea dictumst morbi vestibulum velit id pretium', '2025-10-21', 'http://dummyimage.com/674x145.png/dddddd/000000', 10);
insert into product (id, name, description, release_date, img, id_category) values (150, 'Stolen Seas', 'justo nec condimentum neque sapien placerat ante nulla justo aliquam quis turpis', '2025-11-08', 'http://dummyimage.com/299x700.png/dddddd/000000', 10);
insert into product (id, name, description, release_date, img, id_category) values (151, 'Booty Call', 'non quam nec dui luctus rutrum nulla tellus in sagittis dui', '2026-01-03', 'http://dummyimage.com/501x260.png/ff4444/ffffff', 6);
insert into product (id, name, description, release_date, img, id_category) values (152, 'Secret Window', 'libero ut massa volutpat convallis morbi odio odio elementum eu interdum eu tincidunt in leo maecenas pulvinar lobortis', '2026-01-19', 'http://dummyimage.com/400x341.png/cc0000/ffffff', 8);
insert into product (id, name, description, release_date, img, id_category) values (153, 'Die! Die! My Darling! (Fanatic)', 'ac consequat metus sapien ut nunc vestibulum ante ipsum primis in faucibus orci luctus et ultrices posuere cubilia', '2025-12-25', 'http://dummyimage.com/370x264.png/dddddd/000000', 5);
insert into product (id, name, description, release_date, img, id_category) values (154, 'Beneath the Valley of the Ultra-Vixens', 'massa tempor convallis nulla neque libero convallis eget eleifend luctus ultricies eu nibh quisque id justo sit amet sapien dignissim', '2025-03-16', 'http://dummyimage.com/1032x298.png/ff4444/ffffff', 3);
insert into product (id, name, description, release_date, img, id_category) values (155, 'Romancing the Stone', 'neque vestibulum eget vulputate ut ultrices vel augue vestibulum ante ipsum primis in faucibus orci', '2025-07-13', 'http://dummyimage.com/495x299.png/dddddd/000000', 9);
insert into product (id, name, description, release_date, img, id_category) values (156, 'Saving Otter 501', 'nulla justo aliquam quis turpis eget elit sodales scelerisque mauris sit amet eros suspendisse accumsan tortor quis', '2025-04-15', 'http://dummyimage.com/235x609.png/ff4444/ffffff', 4);
insert into product (id, name, description, release_date, img, id_category) values (157, 'Terminal USA', 'ac nulla sed vel enim sit amet nunc viverra dapibus nulla suscipit ligula in lacus curabitur at ipsum ac tellus', '2025-12-30', 'http://dummyimage.com/1258x651.png/cc0000/ffffff', 2);
insert into product (id, name, description, release_date, img, id_category) values (158, 'Cloverfield', 'erat nulla tempus vivamus in felis eu sapien cursus vestibulum proin eu mi nulla ac enim in', '2025-05-20', 'http://dummyimage.com/558x570.png/5fa2dd/ffffff', 4);
insert into product (id, name, description, release_date, img, id_category) values (159, 'One Magic Christmas', 'bibendum felis sed interdum venenatis turpis enim blandit mi in porttitor pede justo eu massa donec dapibus duis at', '2025-04-03', 'http://dummyimage.com/450x706.png/5fa2dd/ffffff', 2);
insert into product (id, name, description, release_date, img, id_category) values (160, 'Bengazi', 'ante vel ipsum praesent blandit lacinia erat vestibulum sed magna at nunc commodo placerat praesent blandit nam nulla integer pede', '2025-09-11', 'http://dummyimage.com/646x400.png/5fa2dd/ffffff', 7);
insert into product (id, name, description, release_date, img, id_category) values (161, 'Incredible Mr. Limpet, The', 'faucibus orci luctus et ultrices posuere cubilia curae donec pharetra magna vestibulum aliquet', '2025-12-06', 'http://dummyimage.com/460x620.png/cc0000/ffffff', 8);
insert into product (id, name, description, release_date, img, id_category) values (162, 'Somewhere Under the Broad Sky', 'placerat ante nulla justo aliquam quis turpis eget elit sodales scelerisque mauris sit', '2025-03-13', 'http://dummyimage.com/1245x266.png/cc0000/ffffff', 10);
insert into product (id, name, description, release_date, img, id_category) values (163, 'Film About a Woman Who...', 'dolor morbi vel lectus in quam fringilla rhoncus mauris enim leo rhoncus sed vestibulum', '2025-02-24', 'http://dummyimage.com/272x320.png/cc0000/ffffff', 9);
insert into product (id, name, description, release_date, img, id_category) values (164, 'And Now a Word from Our Sponsor', 'id massa id nisl venenatis lacinia aenean sit amet justo morbi ut odio cras', '2025-08-09', 'http://dummyimage.com/614x443.png/ff4444/ffffff', 10);
insert into product (id, name, description, release_date, img, id_category) values (165, 'Three Strangers', 'dapibus nulla suscipit ligula in lacus curabitur at ipsum ac tellus semper', '2026-01-07', 'http://dummyimage.com/809x501.png/5fa2dd/ffffff', 4);
insert into product (id, name, description, release_date, img, id_category) values (166, 'Take the Lead', 'massa donec dapibus duis at velit eu est congue elementum in hac habitasse platea dictumst morbi vestibulum velit', '2025-12-26', 'http://dummyimage.com/712x501.png/cc0000/ffffff', 4);
insert into product (id, name, description, release_date, img, id_category) values (167, 'Beloved/Friend (a.k.a. Amigo/Amado) (Amic/Amat)', 'et magnis dis parturient montes nascetur ridiculus mus vivamus vestibulum sagittis sapien', '2025-09-25', 'http://dummyimage.com/1152x302.png/dddddd/000000', 7);
insert into product (id, name, description, release_date, img, id_category) values (168, 'The Robot vs. the Aztec Mummy', 'lectus vestibulum quam sapien varius ut blandit non interdum in ante vestibulum', '2025-09-24', 'http://dummyimage.com/1005x132.png/ff4444/ffffff', 5);
insert into product (id, name, description, release_date, img, id_category) values (169, 'Spirit of St. Louis, The', 'enim leo rhoncus sed vestibulum sit amet cursus id turpis', '2025-12-05', 'http://dummyimage.com/1117x617.png/5fa2dd/ffffff', 5);
insert into product (id, name, description, release_date, img, id_category) values (170, 'Eiger Sanction, The', 'erat tortor sollicitudin mi sit amet lobortis sapien sapien non mi integer ac neque duis', '2025-06-14', 'http://dummyimage.com/380x224.png/cc0000/ffffff', 8);
insert into product (id, name, description, release_date, img, id_category) values (171, 'Dark Star', 'mi pede malesuada in imperdiet et commodo vulputate justo in blandit ultrices enim lorem ipsum dolor sit amet consectetuer', '2026-02-04', 'http://dummyimage.com/957x108.png/ff4444/ffffff', 10);
insert into product (id, name, description, release_date, img, id_category) values (172, 'Quadrophenia', 'tempor turpis nec euismod scelerisque quam turpis adipiscing lorem vitae mattis nibh ligula', '2025-05-20', 'http://dummyimage.com/782x185.png/ff4444/ffffff', 2);
insert into product (id, name, description, release_date, img, id_category) values (173, 'Jumbo (Billy Rose''s Jumbo)', 'est lacinia nisi venenatis tristique fusce congue diam id ornare', '2025-06-07', 'http://dummyimage.com/164x306.png/dddddd/000000', 9);
insert into product (id, name, description, release_date, img, id_category) values (174, 'Kids', 'sem sed sagittis nam congue risus semper porta volutpat quam pede lobortis ligula', '2025-10-27', 'http://dummyimage.com/779x373.png/ff4444/ffffff', 1);
insert into product (id, name, description, release_date, img, id_category) values (175, 'X Games 3D: The Movie', 'cubilia curae duis faucibus accumsan odio curabitur convallis duis consequat dui nec nisi volutpat eleifend donec ut', '2025-12-06', 'http://dummyimage.com/243x703.png/dddddd/000000', 10);
insert into product (id, name, description, release_date, img, id_category) values (176, 'Ira and Abby', 'dapibus nulla suscipit ligula in lacus curabitur at ipsum ac tellus semper interdum mauris ullamcorper purus', '2025-05-28', 'http://dummyimage.com/1167x170.png/ff4444/ffffff', 3);
insert into product (id, name, description, release_date, img, id_category) values (177, '8 Mile', 'erat quisque erat eros viverra eget congue eget semper rutrum nulla nunc purus phasellus in felis donec semper', '2025-11-01', 'http://dummyimage.com/187x454.png/5fa2dd/ffffff', 7);
insert into product (id, name, description, release_date, img, id_category) values (178, 'Ondine', 'sed interdum venenatis turpis enim blandit mi in porttitor pede', '2026-01-21', 'http://dummyimage.com/534x653.png/cc0000/ffffff', 5);
insert into product (id, name, description, release_date, img, id_category) values (179, 'American Crude', 'dolor sit amet consectetuer adipiscing elit proin risus praesent lectus vestibulum quam sapien varius ut blandit non interdum', '2026-01-07', 'http://dummyimage.com/481x110.png/5fa2dd/ffffff', 9);
insert into product (id, name, description, release_date, img, id_category) values (180, 'It Happened to Jane', 'id massa id nisl venenatis lacinia aenean sit amet justo morbi ut odio', '2025-12-17', 'http://dummyimage.com/1106x514.png/dddddd/000000', 6);
insert into product (id, name, description, release_date, img, id_category) values (181, 'Bohème, La', 'sagittis sapien cum sociis natoque penatibus et magnis dis parturient montes nascetur ridiculus mus etiam vel augue vestibulum', '2025-10-11', 'http://dummyimage.com/1005x145.png/dddddd/000000', 5);
insert into product (id, name, description, release_date, img, id_category) values (182, 'New York Cop (Nyû Yôku no koppu)', 'nisi eu orci mauris lacinia sapien quis libero nullam sit amet turpis', '2025-07-21', 'http://dummyimage.com/924x217.png/cc0000/ffffff', 10);
insert into product (id, name, description, release_date, img, id_category) values (183, 'Jungle Book of Regulations, A (Nie Ma Rozy Bez Ognia)', 'enim sit amet nunc viverra dapibus nulla suscipit ligula in lacus', '2025-06-02', 'http://dummyimage.com/300x653.png/5fa2dd/ffffff', 10);
insert into product (id, name, description, release_date, img, id_category) values (184, 'Lost in America', 'et ultrices posuere cubilia curae mauris viverra diam vitae quam suspendisse potenti nullam porttitor lacus', '2025-03-12', 'http://dummyimage.com/1121x190.png/ff4444/ffffff', 3);
insert into product (id, name, description, release_date, img, id_category) values (185, 'Eros', 'magnis dis parturient montes nascetur ridiculus mus etiam vel augue vestibulum rutrum', '2025-03-22', 'http://dummyimage.com/827x216.png/5fa2dd/ffffff', 9);
insert into product (id, name, description, release_date, img, id_category) values (186, 'Jailhouse Rock', 'elementum pellentesque quisque porta volutpat erat quisque erat eros viverra eget congue', '2025-06-09', 'http://dummyimage.com/417x310.png/ff4444/ffffff', 2);
insert into product (id, name, description, release_date, img, id_category) values (187, 'Triple Cross', 'rhoncus sed vestibulum sit amet cursus id turpis integer aliquet massa id lobortis', '2025-03-18', 'http://dummyimage.com/1124x151.png/dddddd/000000', 8);
insert into product (id, name, description, release_date, img, id_category) values (188, 'Serving Life', 'ultricies eu nibh quisque id justo sit amet sapien dignissim vestibulum vestibulum', '2025-06-17', 'http://dummyimage.com/214x489.png/dddddd/000000', 2);
insert into product (id, name, description, release_date, img, id_category) values (189, 'Sick: The Life & Death of Bob Flanagan, Supermasochist', 'nulla dapibus dolor vel est donec odio justo sollicitudin ut suscipit a feugiat', '2026-01-03', 'http://dummyimage.com/1028x674.png/ff4444/ffffff', 5);
insert into product (id, name, description, release_date, img, id_category) values (190, 'Cellular', 'aliquam augue quam sollicitudin vitae consectetuer eget rutrum at lorem integer tincidunt', '2025-07-11', 'http://dummyimage.com/631x437.png/5fa2dd/ffffff', 7);
insert into product (id, name, description, release_date, img, id_category) values (191, '40-Year-Old Virgin, The', 'orci luctus et ultrices posuere cubilia curae duis faucibus accumsan odio curabitur convallis duis', '2025-12-01', 'http://dummyimage.com/911x133.png/dddddd/000000', 6);
insert into product (id, name, description, release_date, img, id_category) values (192, 'Printed Rainbow', 'tincidunt lacus at velit vivamus vel nulla eget eros elementum pellentesque quisque porta', '2026-01-16', 'http://dummyimage.com/405x609.png/cc0000/ffffff', 1);
insert into product (id, name, description, release_date, img, id_category) values (193, 'Battle of Shaker Heights, The', 'sit amet sapien dignissim vestibulum vestibulum ante ipsum primis in faucibus orci luctus et ultrices', '2025-05-26', 'http://dummyimage.com/153x161.png/cc0000/ffffff', 9);
insert into product (id, name, description, release_date, img, id_category) values (194, 'Left Behind II: Tribulation Force', 'id turpis integer aliquet massa id lobortis convallis tortor risus dapibus augue vel accumsan tellus nisi eu orci mauris lacinia', '2025-05-14', 'http://dummyimage.com/1085x640.png/dddddd/000000', 4);
insert into product (id, name, description, release_date, img, id_category) values (195, 'Focus', 'in eleifend quam a odio in hac habitasse platea dictumst maecenas ut massa quis augue luctus', '2025-04-24', 'http://dummyimage.com/952x118.png/cc0000/ffffff', 6);
insert into product (id, name, description, release_date, img, id_category) values (196, 'Wyrmwood', 'mauris morbi non lectus aliquam sit amet diam in magna', '2025-04-22', 'http://dummyimage.com/1108x696.png/cc0000/ffffff', 4);
insert into product (id, name, description, release_date, img, id_category) values (197, 'Cul-de-sac', 'lacinia eget tincidunt eget tempus vel pede morbi porttitor lorem', '2025-03-11', 'http://dummyimage.com/995x719.png/cc0000/ffffff', 8);
insert into product (id, name, description, release_date, img, id_category) values (198, 'King Arthur', 'semper interdum mauris ullamcorper purus sit amet nulla quisque arcu libero rutrum ac lobortis vel', '2025-04-21', 'http://dummyimage.com/1166x671.png/dddddd/000000', 9);
insert into product (id, name, description, release_date, img, id_category) values (199, '''burbs, The', 'in purus eu magna vulputate luctus cum sociis natoque penatibus et magnis dis parturient montes nascetur ridiculus mus vivamus vestibulum', '2025-07-23', 'http://dummyimage.com/1235x589.png/ff4444/ffffff', 2);
insert into product (id, name, description, release_date, img, id_category) values (200, 'Informer, The', 'lectus pellentesque eget nunc donec quis orci eget orci vehicula condimentum', '2025-05-10', 'http://dummyimage.com/1063x348.png/cc0000/ffffff', 4);